<?xml version="1.0" encoding="UTF-8" standalone="yes"?>
<addon id="repository.meltest" name="Test Repo" version="0.0.1" provider-name="meliton">
	<extension point="xbmc.addon.repository" name="Test Repo">
		<dir>
			<info compressed="false">https://raw.githubusercontent.com/noobsandnerds/modules4all/master/zips/addons.xml</info>
			<checksum>https://raw.githubusercontent.com/noobsandnerds/modules4all/master/zips/addons.xml.md5</checksum>
			<datadir zip="true">https://raw.githubusercontent.com/noobsandnerds/modules4all/master/zips/</datadir>
		</dir>
		<info compressed="false">https://raw.githubusercontent.com/meliton/repository.meltest/master/zips/addons.xml</info>
		<checksum>https://raw.githubusercontent.com/meliton/repository.meltest/master/zips/addons.xml.md5</checksum>
		<datadir zip="true">https://raw.githubusercontent.com/meliton/repository.meltest/master/zips/</datadir>
	</extension>
	<extension point="xbmc.addon.metadata">
		<summary lang="en">Meliton Test Repo</summary>
		<description lang="en">Meliton Test Repo</description>
		<genre>usa</genre>
	</extension>
</addon>